{
  "configVersion": 1,
  "timestamp": 1635055495746,
  "index": "/index.html",
  "assetGroups": [
    {
      "name": "app",
      "installMode": "prefetch",
      "updateMode": "prefetch",
      "cacheQueryOptions": {
        "ignoreVary": true
      },
      "urls": [
        "/1229.43e01736306f6f688538.js",
        "/134.0d657093f5b3076e7092.js",
        "/1571.e42c3ae94eaaad63523b.js",
        "/172.c8d933b07b3500ae23d6.js",
        "/1761.eac85a7407a398cfc1f1.js",
        "/1843.6de54820f36c69859344.js",
        "/1864.141f1b9df270a4d905e8.js",
        "/189.60bcff307653647bfe42.js",
        "/1908.73f7574070e2643a9d31.js",
        "/1988.8aed403d2d6ae5a694a9.js",
        "/202.251a25d8770527d78bbe.js",
        "/2099.21ae5f45f0177ddf4bf4.js",
        "/2104.0780610f1dd6be9c1450.js",
        "/2214.93001bd438f6900954cf.js",
        "/2369.f06951d320c0647f895a.js",
        "/2441.b0747ae2bad7060370c0.js",
        "/2756.578ed16239341a3e6cb2.js",
        "/2899.3ef6ff41caa5320f0e50.js",
        "/2981.61491b0a18482c0ad096.js",
        "/3111.a37a09faa27b1acb19de.js",
        "/3536.febed86484a4f8e31d66.js",
        "/3851.d318dcd146f8ad2496c7.js",
        "/4054.a72f0dd90908485f8d5f.js",
        "/4229.58b2543de06f3c057bb5.js",
        "/4310.57d3feeca1674d55207e.js",
        "/4400.92afc16f2264b1192ceb.js",
        "/4468.c759bcb5ac45f37b482d.js",
        "/4473.9692fb6c78f374bb0db4.js",
        "/4533.012f3e58d1bdbca3b9ff.js",
        "/4558.f8d408a96d5d76d604ca.js",
        "/4762.72419b8c5a6d36cbb48a.js",
        "/4764.aa1957240e89592e39e3.js",
        "/497.9490be9c7b3bb1eaf47d.js",
        "/5102.6471f6cfe1c89efa13ec.js",
        "/5269.6c5e44a5b8b2a9157657.js",
        "/5579.286950772363c58f7a13.js",
        "/5643.f7b55647805580bcc9b0.js",
        "/5670.a6d9f648cf5c29fca8cb.js",
        "/570.f36b5e87044091c6f2cf.js",
        "/5737.c02d474e04b5a83a2881.js",
        "/5790.61f0ba9c3898e791ca78.js",
        "/5798.c440d03046147e2d9f74.js",
        "/5881.d5150fc3a7ed0c527f4c.js",
        "/608.55f8bc0b5bdacda38565.js",
        "/648.7d8e8a6f33f76b5d7a9d.js",
        "/6503.082babc05b57bae2774f.js",
        "/6726.23ab5ad9921020d8d673.js",
        "/6748.2bdc36eed13e6a1a2b36.js",
        "/6776.775a2289c95b53d4b051.js",
        "/6962.874fe0e66feabeeabe38.js",
        "/7132.53fb7b0f771156e1747f.js",
        "/7355.e421fd2adda162398de8.js",
        "/7432.3de2ecba262849b758b5.js",
        "/7438.856f4297d9ed073508fe.js",
        "/7701.702c25a5ad4984d0a4b3.js",
        "/7809.dabe1ec98e60fb04f5c0.js",
        "/7939.70de9e8c9a2e5480d8bd.js",
        "/8013.58a85e72e9cd4f693bf6.js",
        "/8082.bb2491fd52472e1f3ccd.js",
        "/8377.eb62a47176b7d070501a.js",
        "/8385.1a11b303b9a1dcdf9637.js",
        "/8424.475fbff5d42e83115d6b.js",
        "/845.143363d303c92e33a169.js",
        "/8576.768eb10a542c0648c4ea.js",
        "/8588.7e3a02c5aea673e3e53d.js",
        "/8592.ad82d4880631db1c3dd0.js",
        "/8955.685306ba9ccd49a95f03.js",
        "/9238.f577a15c4e1d585bd442.js",
        "/9561.5652ce145f4ae4e6e240.js",
        "/9605.83305be3c023b2cbc787.js",
        "/966.7cd7426df490ef8a8c11.js",
        "/9690.38f6c3028ff82ff24b45.js",
        "/9712.d3c72636ea05b5b5852d.js",
        "/index.html",
        "/main.c9aabcb5f598eae95ca3.js",
        "/manifest.webmanifest",
        "/polyfills.849f6dd0be6e0842a05a.js",
        "/runtime.e657280d8125b1dbd8fd.js",
        "/scripts.dd3920852df0ab4a6b79.js",
        "/styles.275c4f5de022545a9214.css"
      ],
      "patterns": []
    },
    {
      "name": "assets",
      "installMode": "lazy",
      "updateMode": "prefetch",
      "cacheQueryOptions": {
        "ignoreVary": true
      },
      "urls": [
        "/assets/i18n/ar.json",
        "/assets/i18n/en.json",
        "/assets/icon/building.png",
        "/assets/icon/categories.png",
        "/assets/icon/dollar.png",
        "/assets/icon/employee.png",
        "/assets/icon/favicon.png",
        "/assets/icon/globe.png",
        "/assets/icon/item-service.png",
        "/assets/icon/items.png",
        "/assets/icon/kpi.png",
        "/assets/icon/services.png",
        "/assets/icon/settings.svg",
        "/assets/icon/shapes.svg",
        "/assets/icon/subscription-mgmt.png",
        "/assets/icon/subscription-req.png",
        "/assets/icon/uom.png",
        "/assets/icon/user-account.png",
        "/assets/icon/user.png",
        "/assets/icon/vcl-green.png",
        "/assets/icon/visa-green.png",
        "/assets/icons/icon-128x128.png",
        "/assets/icons/icon-144x144.png",
        "/assets/icons/icon-152x152.png",
        "/assets/icons/icon-192x192.png",
        "/assets/icons/icon-384x384.png",
        "/assets/icons/icon-512x512.png",
        "/assets/icons/icon-72x72.png",
        "/assets/icons/icon-96x96.png",
        "/sort_asc.4bba59196d7ce2619696.png",
        "/sort_asc_disabled.07c018ae0160704a3290.png",
        "/sort_both.8b117faa9d4dd934d6bb.png",
        "/sort_desc.c4196d3286cc33244c83.png",
        "/sort_desc_disabled.27ac5d1bc294b1fae056.png"
      ],
      "patterns": []
    }
  ],
  "dataGroups": [],
  "hashTable": {
    "/1229.43e01736306f6f688538.js": "843cc63a5ceb329a6e19e16dac2818f411768770",
    "/134.0d657093f5b3076e7092.js": "e2904991a5eca064693a730be1ca4b5284f9afdb",
    "/1571.e42c3ae94eaaad63523b.js": "acee319c0562b318699fce596b311921f73a43d3",
    "/172.c8d933b07b3500ae23d6.js": "5afba10bc124ccfca28eec1b0c445da447338f38",
    "/1761.eac85a7407a398cfc1f1.js": "71ef22c0ba253dacb1637af65f69ca3207cab0f2",
    "/1843.6de54820f36c69859344.js": "8b3de73fbe34631989aa4dbeabce81e0c2ade9e1",
    "/1864.141f1b9df270a4d905e8.js": "898c767750f52dc4c68c193910b573156a7eb5f4",
    "/189.60bcff307653647bfe42.js": "f6c433fd1b3ab58e0d1b09705f0973d784235daf",
    "/1908.73f7574070e2643a9d31.js": "589540c084b4796622b73bd0b4d984b68adc7822",
    "/1988.8aed403d2d6ae5a694a9.js": "3675260d74d880d6849ecb616977ff95095c72b8",
    "/202.251a25d8770527d78bbe.js": "9a0315e63346af24166e8ee5e9ce919bb1e44a65",
    "/2099.21ae5f45f0177ddf4bf4.js": "636d015ca7026938538486265b2688ca453b9d8d",
    "/2104.0780610f1dd6be9c1450.js": "41984cdc5fc7b2641c44e5abf810aa7d11460593",
    "/2214.93001bd438f6900954cf.js": "6165f03c00333de3b5c899bda9c11711781cfca7",
    "/2369.f06951d320c0647f895a.js": "47d47d1a305aaa7a366e9a4f7946b4773a8cffc1",
    "/2441.b0747ae2bad7060370c0.js": "cedc6e887db2ed95c7bb5339aff61dd9138c9d7c",
    "/2756.578ed16239341a3e6cb2.js": "7406888350c4a5000f7ca2dd15d03ad76fba4858",
    "/2899.3ef6ff41caa5320f0e50.js": "f95c9bd9915bc72e7a141075aef4aac233023cab",
    "/2981.61491b0a18482c0ad096.js": "2a8101e0bd514df714bb4816b0e7cecdb82827f7",
    "/3111.a37a09faa27b1acb19de.js": "54b12436dcc1eae26415b36c63e03b5f3ef9f1ee",
    "/3536.febed86484a4f8e31d66.js": "f714ba4ddbcaa65b3cf482e22e026fde7d842bb0",
    "/3851.d318dcd146f8ad2496c7.js": "62645951afe0b7e315f1b5a3a3cd624f2bfecaa3",
    "/4054.a72f0dd90908485f8d5f.js": "7db357f677f7d7942b1f77b97b240055fc06e14f",
    "/4229.58b2543de06f3c057bb5.js": "07578679992c9ff0c3fca0295d7d07c7120ebbba",
    "/4310.57d3feeca1674d55207e.js": "d0ec70138edffbad10657bf018a9ed79d6656322",
    "/4400.92afc16f2264b1192ceb.js": "0a6b7c2227099156e8b0fe79395de3db6a4b2dc2",
    "/4468.c759bcb5ac45f37b482d.js": "912a9b7eb868c91732f433abccfc7ea6ba8a9a57",
    "/4473.9692fb6c78f374bb0db4.js": "64e443ce4195025272c5ed706999c94df94c422e",
    "/4533.012f3e58d1bdbca3b9ff.js": "3abb76eda9a19ff957047c3646cc5f5f5d8cbbce",
    "/4558.f8d408a96d5d76d604ca.js": "34ffb5fd0ae74b8f5d8aafeff49ccfdbb0248642",
    "/4762.72419b8c5a6d36cbb48a.js": "7d174622d4e456964c8b53630e8284dfeaf341f8",
    "/4764.aa1957240e89592e39e3.js": "3d22a91672b12ce0f7b73fbb19420abcf895037f",
    "/497.9490be9c7b3bb1eaf47d.js": "9b75210c55ed07b091691384351e9285fe1f1b36",
    "/5102.6471f6cfe1c89efa13ec.js": "b731ce1ab4da7f17b3e185876d4cbfbaec3845d4",
    "/5269.6c5e44a5b8b2a9157657.js": "90c710b34afdd3f08f433afe1d99f04f1e554788",
    "/5579.286950772363c58f7a13.js": "b7fbe6f5dfc9a98f7241c64ac916b61fba29c0db",
    "/5643.f7b55647805580bcc9b0.js": "42b718c53ecfad008f3ac35c992a4295494c4cee",
    "/5670.a6d9f648cf5c29fca8cb.js": "f766866b0fd6ea83226ac60b7df31767e93c6e27",
    "/570.f36b5e87044091c6f2cf.js": "0eab6eb34a80bef2b7e36642fad286852889f35e",
    "/5737.c02d474e04b5a83a2881.js": "dd8b6d472eaf20d0e41f6f06eb17b329e2522464",
    "/5790.61f0ba9c3898e791ca78.js": "f4f815b2a7aa81436b2f9b46659072881ab4128c",
    "/5798.c440d03046147e2d9f74.js": "56f8fcdbb608ab316b2e0301201611f15a0f3e9e",
    "/5881.d5150fc3a7ed0c527f4c.js": "36c362ff783c5e76fc4672119238e1d20f6d48dd",
    "/608.55f8bc0b5bdacda38565.js": "c13d35f38a59403502eb5b4286b05c12fe8a39da",
    "/648.7d8e8a6f33f76b5d7a9d.js": "27b60bfd86a461b5bfec0dc45694f05916dbf268",
    "/6503.082babc05b57bae2774f.js": "929c975946e55909a014cca450e024ca900d878a",
    "/6726.23ab5ad9921020d8d673.js": "3805318261d9c642f781e2153db895aa7430c624",
    "/6748.2bdc36eed13e6a1a2b36.js": "9a7cb5e73de72a260c4044fcb3618842bb449133",
    "/6776.775a2289c95b53d4b051.js": "2ac5dd7b6ee47a1ed696d9381d8248b255335e52",
    "/6962.874fe0e66feabeeabe38.js": "f5a62278d3e4f4ef9f4c153bb732d5e6a9068b82",
    "/7132.53fb7b0f771156e1747f.js": "0d3306fd440903d000f9f70c5c3b29e9d2b5a3bf",
    "/7355.e421fd2adda162398de8.js": "c15d973c315d497a872c36a961d0867162f69ce9",
    "/7432.3de2ecba262849b758b5.js": "7139d498d4b12ca6fd0958f349ecd858f5c17028",
    "/7438.856f4297d9ed073508fe.js": "4dfebed82fc76b3990a6051e982f2d76efd1395c",
    "/7701.702c25a5ad4984d0a4b3.js": "ad8aea8eb5bbb81609ed71e4ffc9662286315f46",
    "/7809.dabe1ec98e60fb04f5c0.js": "7e634f1ec81bac227a71c548e1d119bd224eff09",
    "/7939.70de9e8c9a2e5480d8bd.js": "193923b4d1fb93678700f8f2da11fb1b80bc1034",
    "/8013.58a85e72e9cd4f693bf6.js": "2c2808a1fdb110633c482a1120a94fae509bf8d4",
    "/8082.bb2491fd52472e1f3ccd.js": "23e425014a70befee6429b61de006ac92380e420",
    "/8377.eb62a47176b7d070501a.js": "3f3c70bfadd8380c9123055ffb9084c23fe453cf",
    "/8385.1a11b303b9a1dcdf9637.js": "241c55b43542f69a6fa3b2a0c2858b001929b092",
    "/8424.475fbff5d42e83115d6b.js": "94e088b271f40ea5e156d58654988eb05cb9af5e",
    "/845.143363d303c92e33a169.js": "001b789826ff2a52f2af3b7188376d41b3929af4",
    "/8576.768eb10a542c0648c4ea.js": "4d147329c738dffe4f5d87309cecdc8e2167421d",
    "/8588.7e3a02c5aea673e3e53d.js": "eaa52285a0ad06c3040774792521f726af6f6a87",
    "/8592.ad82d4880631db1c3dd0.js": "8b13dd4abfa98b52d61e825cd3787f6c7fe15e5c",
    "/8955.685306ba9ccd49a95f03.js": "544a8c4fc7bd94e37ecafdb897e2ff520b3543b4",
    "/9238.f577a15c4e1d585bd442.js": "c7ff4ba410a116750d6d188a5d417f5e772a2ff3",
    "/9561.5652ce145f4ae4e6e240.js": "f884eda30f0fe655ea8e4a523e4552cb6decf7b7",
    "/9605.83305be3c023b2cbc787.js": "5cb3158486c0171fe3f50b83c988aaf1ce90198e",
    "/966.7cd7426df490ef8a8c11.js": "ae137fcbb29d66b164a8d8a921873590f5ebf792",
    "/9690.38f6c3028ff82ff24b45.js": "fb59b113d62dedb4f496a9980a52e601065a1f7b",
    "/9712.d3c72636ea05b5b5852d.js": "739c1e1bb906d6a8228c964fb45bd83b76b46bb6",
    "/assets/i18n/ar.json": "38b93d521296e3f5e4e9173a507570cce69bf42f",
    "/assets/i18n/en.json": "feec131fe38a2f2b93d4380be427d49a3a550ef3",
    "/assets/icon/building.png": "caf2070744207d507ba4cf0d536e6f32c66647f4",
    "/assets/icon/categories.png": "739075016652c61a03d34b0c47ec21fd6e8fc34e",
    "/assets/icon/dollar.png": "e2f039cd2e7524bbf335b73e6d60674d1d1a7f8b",
    "/assets/icon/employee.png": "c50c223bb8793f008cfbe308c6abf2ee389c6f14",
    "/assets/icon/favicon.png": "7798b8e0eb61d7375c245af78bbf5c916932bf13",
    "/assets/icon/globe.png": "75cc2954072585aa6db1e0c57c54e514d2def5d9",
    "/assets/icon/item-service.png": "12d5c9f5fb784533c3825cb3c5c0791816c5899b",
    "/assets/icon/items.png": "28ea4545f76f6c6c3be9b10fcdd60bdb0d1b01ed",
    "/assets/icon/kpi.png": "09a6e960b325434940f7f93f239f21d075dceed7",
    "/assets/icon/services.png": "4879d8b98c1cbd334a57ed888ae1fdd4a4e150d5",
    "/assets/icon/settings.svg": "20f7d77849b6109a5d780ffeaad4f7801dbf72d9",
    "/assets/icon/shapes.svg": "638f87e27e6fc7ddfd6e6b262ea70d690f6c7011",
    "/assets/icon/subscription-mgmt.png": "2b66f13077c5a8468cd5b8afeac52bfe197634ef",
    "/assets/icon/subscription-req.png": "ed93ff539bccdf54d006a20225c44acec2ac946d",
    "/assets/icon/uom.png": "337d6330f88c5f0664274d445292ffa59e2af610",
    "/assets/icon/user-account.png": "bccdf7b29dde865532817e5031c37012630ff185",
    "/assets/icon/user.png": "1b23f259180604403975004c7cd25f69b0d52e0f",
    "/assets/icon/vcl-green.png": "f61d1109438ff5e7a922619df4bd7660255e3e2d",
    "/assets/icon/visa-green.png": "abf79bf291935b64b85729b77807c06132b98ad7",
    "/assets/icons/icon-128x128.png": "dae3b6ed49bdaf4327b92531d4b5b4a5d30c7532",
    "/assets/icons/icon-144x144.png": "b0bd89982e08f9bd2b642928f5391915b74799a7",
    "/assets/icons/icon-152x152.png": "7479a9477815dfd9668d60f8b3b2fba709b91310",
    "/assets/icons/icon-192x192.png": "1abd80d431a237a853ce38147d8c63752f10933b",
    "/assets/icons/icon-384x384.png": "329749cd6393768d3131ed6304c136b1ca05f2fd",
    "/assets/icons/icon-512x512.png": "559d9c4318b45a1f2b10596bbb4c960fe521dbcc",
    "/assets/icons/icon-72x72.png": "c457e56089a36952cd67156f9996bc4ce54a5ed9",
    "/assets/icons/icon-96x96.png": "3914125a4b445bf111c5627875fc190f560daa41",
    "/index.html": "b4d473282b14d7bf3fef84f6776b4737750caf69",
    "/main.c9aabcb5f598eae95ca3.js": "f3b8a0f17760746cce2e02d45e84ce56fee4f2c4",
    "/manifest.webmanifest": "da2061dba175bf2d881980e8596ff5343e2dd7b6",
    "/polyfills.849f6dd0be6e0842a05a.js": "c593f594b3555d1c375f3949e684a05e676a29aa",
    "/runtime.e657280d8125b1dbd8fd.js": "66a9b88eda24e261b8b5d61dc574553a8b968be5",
    "/scripts.dd3920852df0ab4a6b79.js": "3a4d68aa0f223918092f4b216123af3563974711",
    "/sort_asc.4bba59196d7ce2619696.png": "4ed7eba22e4258db81fd79761ed5fc6d00c7dab7",
    "/sort_asc_disabled.07c018ae0160704a3290.png": "960aafb94a313744af3b6b5cfaced54024a429bf",
    "/sort_both.8b117faa9d4dd934d6bb.png": "96e499eff491eac39508e1696686712df94108aa",
    "/sort_desc.c4196d3286cc33244c83.png": "5d17b4a1cd4c5d92df1adc190a9292674e2a3ab0",
    "/sort_desc_disabled.27ac5d1bc294b1fae056.png": "ae170a833b6f5d6344570061c60291b5b45e6004",
    "/styles.275c4f5de022545a9214.css": "a8e793040fe2b780eb2d5cb869740b275a197e39"
  },
  "navigationUrls": [
    {
      "positive": true,
      "regex": "^\\/.*$"
    },
    {
      "positive": false,
      "regex": "^\\/(?:.+\\/)?[^/]*\\.[^/]*$"
    },
    {
      "positive": false,
      "regex": "^\\/(?:.+\\/)?[^/]*__[^/]*$"
    },
    {
      "positive": false,
      "regex": "^\\/(?:.+\\/)?[^/]*__[^/]*\\/.*$"
    }
  ],
  "navigationRequestStrategy": "performance"
}