{
  "configVersion": 1,
  "timestamp": 1625682856980,
  "index": "/sys-owner/index.html",
  "assetGroups": [
    {
      "name": "app",
      "installMode": "prefetch",
      "updateMode": "prefetch",
      "cacheQueryOptions": {
        "ignoreVary": true
      },
      "urls": [
        "/sys-owner/1229.43e01736306f6f688538.js",
        "/sys-owner/134.0d657093f5b3076e7092.js",
        "/sys-owner/1571.e42c3ae94eaaad63523b.js",
        "/sys-owner/172.c8d933b07b3500ae23d6.js",
        "/sys-owner/1761.eac85a7407a398cfc1f1.js",
        "/sys-owner/1843.6de54820f36c69859344.js",
        "/sys-owner/1864.141f1b9df270a4d905e8.js",
        "/sys-owner/189.821473423ef5a9d66543.js",
        "/sys-owner/1908.73f7574070e2643a9d31.js",
        "/sys-owner/1988.8aed403d2d6ae5a694a9.js",
        "/sys-owner/202.251a25d8770527d78bbe.js",
        "/sys-owner/2099.21ae5f45f0177ddf4bf4.js",
        "/sys-owner/2104.0780610f1dd6be9c1450.js",
        "/sys-owner/2214.93001bd438f6900954cf.js",
        "/sys-owner/2369.f06951d320c0647f895a.js",
        "/sys-owner/2441.b0747ae2bad7060370c0.js",
        "/sys-owner/2756.578ed16239341a3e6cb2.js",
        "/sys-owner/2899.3ef6ff41caa5320f0e50.js",
        "/sys-owner/2981.61491b0a18482c0ad096.js",
        "/sys-owner/3111.a37a09faa27b1acb19de.js",
        "/sys-owner/3523.8837de3b6722d6e59521.js",
        "/sys-owner/3536.febed86484a4f8e31d66.js",
        "/sys-owner/4054.a72f0dd90908485f8d5f.js",
        "/sys-owner/4229.33dd24baa5ec835fba73.js",
        "/sys-owner/4310.93c3974dce62af6424e4.js",
        "/sys-owner/4400.e88c70e5e54aec94f6b2.js",
        "/sys-owner/4468.c759bcb5ac45f37b482d.js",
        "/sys-owner/4473.9692fb6c78f374bb0db4.js",
        "/sys-owner/4533.f9dd0ae6134d71ce61c0.js",
        "/sys-owner/4558.f8d408a96d5d76d604ca.js",
        "/sys-owner/4762.6d2f50006e89cb42079b.js",
        "/sys-owner/4764.85008a73a08f261a7b6b.js",
        "/sys-owner/497.9490be9c7b3bb1eaf47d.js",
        "/sys-owner/5102.6471f6cfe1c89efa13ec.js",
        "/sys-owner/5269.6c5e44a5b8b2a9157657.js",
        "/sys-owner/5643.f7b55647805580bcc9b0.js",
        "/sys-owner/5670.a6d9f648cf5c29fca8cb.js",
        "/sys-owner/5737.c02d474e04b5a83a2881.js",
        "/sys-owner/5790.028d11b7aadb9790f409.js",
        "/sys-owner/5798.c440d03046147e2d9f74.js",
        "/sys-owner/5881.6bbd13526c82d15b7c6f.js",
        "/sys-owner/608.55f8bc0b5bdacda38565.js",
        "/sys-owner/6096.e0c965a6523b12e9f677.js",
        "/sys-owner/648.7d8e8a6f33f76b5d7a9d.js",
        "/sys-owner/6503.082babc05b57bae2774f.js",
        "/sys-owner/6726.23ab5ad9921020d8d673.js",
        "/sys-owner/6748.2bdc36eed13e6a1a2b36.js",
        "/sys-owner/6776.775a2289c95b53d4b051.js",
        "/sys-owner/6962.093a7f5909c3a648a148.js",
        "/sys-owner/7132.53fb7b0f771156e1747f.js",
        "/sys-owner/7355.e421fd2adda162398de8.js",
        "/sys-owner/7438.856f4297d9ed073508fe.js",
        "/sys-owner/7701.702c25a5ad4984d0a4b3.js",
        "/sys-owner/7809.dabe1ec98e60fb04f5c0.js",
        "/sys-owner/7939.1d938bddb6378c7638b8.js",
        "/sys-owner/7996.770a37ff7702b4cf1e0a.js",
        "/sys-owner/8013.58a85e72e9cd4f693bf6.js",
        "/sys-owner/8082.bb2491fd52472e1f3ccd.js",
        "/sys-owner/8377.eb62a47176b7d070501a.js",
        "/sys-owner/8385.606553acda3f0aadd4b9.js",
        "/sys-owner/8424.475fbff5d42e83115d6b.js",
        "/sys-owner/845.143363d303c92e33a169.js",
        "/sys-owner/8588.7e3a02c5aea673e3e53d.js",
        "/sys-owner/8592.27214657b9649db1d4b6.js",
        "/sys-owner/8955.685306ba9ccd49a95f03.js",
        "/sys-owner/9238.f577a15c4e1d585bd442.js",
        "/sys-owner/9561.5652ce145f4ae4e6e240.js",
        "/sys-owner/9605.83305be3c023b2cbc787.js",
        "/sys-owner/966.7cd7426df490ef8a8c11.js",
        "/sys-owner/9690.38f6c3028ff82ff24b45.js",
        "/sys-owner/9712.d3c72636ea05b5b5852d.js",
        "/sys-owner/9722.3cab64de964a8001bcc9.js",
        "/sys-owner/9804.af05cfc5e19b95ff5a32.js",
        "/sys-owner/index.html",
        "/sys-owner/main.08bb9e0e36f83696d49a.js",
        "/sys-owner/manifest.webmanifest",
        "/sys-owner/polyfills.849f6dd0be6e0842a05a.js",
        "/sys-owner/runtime.b932f2bc4b01a8eda71b.js",
        "/sys-owner/scripts.dd3920852df0ab4a6b79.js",
        "/sys-owner/styles.252543be608f7e1eb699.css"
      ],
      "patterns": []
    },
    {
      "name": "assets",
      "installMode": "lazy",
      "updateMode": "prefetch",
      "cacheQueryOptions": {
        "ignoreVary": true
      },
      "urls": [
        "/sys-owner/assets/i18n/ar.json",
        "/sys-owner/assets/i18n/en.json",
        "/sys-owner/assets/icon/building.png",
        "/sys-owner/assets/icon/categories.png",
        "/sys-owner/assets/icon/dollar.png",
        "/sys-owner/assets/icon/employee.png",
        "/sys-owner/assets/icon/favicon.png",
        "/sys-owner/assets/icon/globe.png",
        "/sys-owner/assets/icon/item-service.png",
        "/sys-owner/assets/icon/items.png",
        "/sys-owner/assets/icon/kpi.png",
        "/sys-owner/assets/icon/services.png",
        "/sys-owner/assets/icon/settings.svg",
        "/sys-owner/assets/icon/shapes.svg",
        "/sys-owner/assets/icon/subscription-mgmt.png",
        "/sys-owner/assets/icon/subscription-req.png",
        "/sys-owner/assets/icon/uom.png",
        "/sys-owner/assets/icon/user-account.png",
        "/sys-owner/assets/icon/user.png",
        "/sys-owner/assets/icon/vcl-green.png",
        "/sys-owner/assets/icon/visa-green.png",
        "/sys-owner/assets/icons/icon-128x128.png",
        "/sys-owner/assets/icons/icon-144x144.png",
        "/sys-owner/assets/icons/icon-152x152.png",
        "/sys-owner/assets/icons/icon-192x192.png",
        "/sys-owner/assets/icons/icon-384x384.png",
        "/sys-owner/assets/icons/icon-512x512.png",
        "/sys-owner/assets/icons/icon-72x72.png",
        "/sys-owner/assets/icons/icon-96x96.png",
        "/sys-owner/sort_asc.4bba59196d7ce2619696.png",
        "/sys-owner/sort_asc_disabled.07c018ae0160704a3290.png",
        "/sys-owner/sort_both.8b117faa9d4dd934d6bb.png",
        "/sys-owner/sort_desc.c4196d3286cc33244c83.png",
        "/sys-owner/sort_desc_disabled.27ac5d1bc294b1fae056.png"
      ],
      "patterns": []
    }
  ],
  "dataGroups": [],
  "hashTable": {
    "/sys-owner/1229.43e01736306f6f688538.js": "843cc63a5ceb329a6e19e16dac2818f411768770",
    "/sys-owner/134.0d657093f5b3076e7092.js": "e2904991a5eca064693a730be1ca4b5284f9afdb",
    "/sys-owner/1571.e42c3ae94eaaad63523b.js": "acee319c0562b318699fce596b311921f73a43d3",
    "/sys-owner/172.c8d933b07b3500ae23d6.js": "5afba10bc124ccfca28eec1b0c445da447338f38",
    "/sys-owner/1761.eac85a7407a398cfc1f1.js": "71ef22c0ba253dacb1637af65f69ca3207cab0f2",
    "/sys-owner/1843.6de54820f36c69859344.js": "8b3de73fbe34631989aa4dbeabce81e0c2ade9e1",
    "/sys-owner/1864.141f1b9df270a4d905e8.js": "898c767750f52dc4c68c193910b573156a7eb5f4",
    "/sys-owner/189.821473423ef5a9d66543.js": "f6c433fd1b3ab58e0d1b09705f0973d784235daf",
    "/sys-owner/1908.73f7574070e2643a9d31.js": "589540c084b4796622b73bd0b4d984b68adc7822",
    "/sys-owner/1988.8aed403d2d6ae5a694a9.js": "3675260d74d880d6849ecb616977ff95095c72b8",
    "/sys-owner/202.251a25d8770527d78bbe.js": "9a0315e63346af24166e8ee5e9ce919bb1e44a65",
    "/sys-owner/2099.21ae5f45f0177ddf4bf4.js": "636d015ca7026938538486265b2688ca453b9d8d",
    "/sys-owner/2104.0780610f1dd6be9c1450.js": "41984cdc5fc7b2641c44e5abf810aa7d11460593",
    "/sys-owner/2214.93001bd438f6900954cf.js": "6165f03c00333de3b5c899bda9c11711781cfca7",
    "/sys-owner/2369.f06951d320c0647f895a.js": "47d47d1a305aaa7a366e9a4f7946b4773a8cffc1",
    "/sys-owner/2441.b0747ae2bad7060370c0.js": "cedc6e887db2ed95c7bb5339aff61dd9138c9d7c",
    "/sys-owner/2756.578ed16239341a3e6cb2.js": "7406888350c4a5000f7ca2dd15d03ad76fba4858",
    "/sys-owner/2899.3ef6ff41caa5320f0e50.js": "f95c9bd9915bc72e7a141075aef4aac233023cab",
    "/sys-owner/2981.61491b0a18482c0ad096.js": "2a8101e0bd514df714bb4816b0e7cecdb82827f7",
    "/sys-owner/3111.a37a09faa27b1acb19de.js": "54b12436dcc1eae26415b36c63e03b5f3ef9f1ee",
    "/sys-owner/3523.8837de3b6722d6e59521.js": "e0e78285a665770f1fd08c23466f867297614583",
    "/sys-owner/3536.febed86484a4f8e31d66.js": "f714ba4ddbcaa65b3cf482e22e026fde7d842bb0",
    "/sys-owner/4054.a72f0dd90908485f8d5f.js": "7db357f677f7d7942b1f77b97b240055fc06e14f",
    "/sys-owner/4229.33dd24baa5ec835fba73.js": "07578679992c9ff0c3fca0295d7d07c7120ebbba",
    "/sys-owner/4310.93c3974dce62af6424e4.js": "d0ec70138edffbad10657bf018a9ed79d6656322",
    "/sys-owner/4400.e88c70e5e54aec94f6b2.js": "0a6b7c2227099156e8b0fe79395de3db6a4b2dc2",
    "/sys-owner/4468.c759bcb5ac45f37b482d.js": "912a9b7eb868c91732f433abccfc7ea6ba8a9a57",
    "/sys-owner/4473.9692fb6c78f374bb0db4.js": "64e443ce4195025272c5ed706999c94df94c422e",
    "/sys-owner/4533.f9dd0ae6134d71ce61c0.js": "52002d452c2a812f4963559619b1ad06a02e8b3c",
    "/sys-owner/4558.f8d408a96d5d76d604ca.js": "34ffb5fd0ae74b8f5d8aafeff49ccfdbb0248642",
    "/sys-owner/4762.6d2f50006e89cb42079b.js": "986011d99fe943622f72d3c71751140b2e43b089",
    "/sys-owner/4764.85008a73a08f261a7b6b.js": "1a7b5f35eb3313eed2a3d468db20650e57d0eabc",
    "/sys-owner/497.9490be9c7b3bb1eaf47d.js": "9b75210c55ed07b091691384351e9285fe1f1b36",
    "/sys-owner/5102.6471f6cfe1c89efa13ec.js": "b731ce1ab4da7f17b3e185876d4cbfbaec3845d4",
    "/sys-owner/5269.6c5e44a5b8b2a9157657.js": "90c710b34afdd3f08f433afe1d99f04f1e554788",
    "/sys-owner/5643.f7b55647805580bcc9b0.js": "42b718c53ecfad008f3ac35c992a4295494c4cee",
    "/sys-owner/5670.a6d9f648cf5c29fca8cb.js": "f766866b0fd6ea83226ac60b7df31767e93c6e27",
    "/sys-owner/5737.c02d474e04b5a83a2881.js": "dd8b6d472eaf20d0e41f6f06eb17b329e2522464",
    "/sys-owner/5790.028d11b7aadb9790f409.js": "5b615f9968354d7ebf88c8adc8b2735f8bbcb306",
    "/sys-owner/5798.c440d03046147e2d9f74.js": "56f8fcdbb608ab316b2e0301201611f15a0f3e9e",
    "/sys-owner/5881.6bbd13526c82d15b7c6f.js": "36c362ff783c5e76fc4672119238e1d20f6d48dd",
    "/sys-owner/608.55f8bc0b5bdacda38565.js": "c13d35f38a59403502eb5b4286b05c12fe8a39da",
    "/sys-owner/6096.e0c965a6523b12e9f677.js": "3ae42fe27dc3fb8fcad71a80ebdaaafda1c2bb1c",
    "/sys-owner/648.7d8e8a6f33f76b5d7a9d.js": "27b60bfd86a461b5bfec0dc45694f05916dbf268",
    "/sys-owner/6503.082babc05b57bae2774f.js": "929c975946e55909a014cca450e024ca900d878a",
    "/sys-owner/6726.23ab5ad9921020d8d673.js": "3805318261d9c642f781e2153db895aa7430c624",
    "/sys-owner/6748.2bdc36eed13e6a1a2b36.js": "9a7cb5e73de72a260c4044fcb3618842bb449133",
    "/sys-owner/6776.775a2289c95b53d4b051.js": "2ac5dd7b6ee47a1ed696d9381d8248b255335e52",
    "/sys-owner/6962.093a7f5909c3a648a148.js": "f5a62278d3e4f4ef9f4c153bb732d5e6a9068b82",
    "/sys-owner/7132.53fb7b0f771156e1747f.js": "0d3306fd440903d000f9f70c5c3b29e9d2b5a3bf",
    "/sys-owner/7355.e421fd2adda162398de8.js": "c15d973c315d497a872c36a961d0867162f69ce9",
    "/sys-owner/7438.856f4297d9ed073508fe.js": "4dfebed82fc76b3990a6051e982f2d76efd1395c",
    "/sys-owner/7701.702c25a5ad4984d0a4b3.js": "ad8aea8eb5bbb81609ed71e4ffc9662286315f46",
    "/sys-owner/7809.dabe1ec98e60fb04f5c0.js": "7e634f1ec81bac227a71c548e1d119bd224eff09",
    "/sys-owner/7939.1d938bddb6378c7638b8.js": "193923b4d1fb93678700f8f2da11fb1b80bc1034",
    "/sys-owner/7996.770a37ff7702b4cf1e0a.js": "8989f9d86fad60666c4247feda6eebe69d2b22b2",
    "/sys-owner/8013.58a85e72e9cd4f693bf6.js": "2c2808a1fdb110633c482a1120a94fae509bf8d4",
    "/sys-owner/8082.bb2491fd52472e1f3ccd.js": "23e425014a70befee6429b61de006ac92380e420",
    "/sys-owner/8377.eb62a47176b7d070501a.js": "3f3c70bfadd8380c9123055ffb9084c23fe453cf",
    "/sys-owner/8385.606553acda3f0aadd4b9.js": "2802342c90e77a6ff0dde5c877d52b5a47c533ef",
    "/sys-owner/8424.475fbff5d42e83115d6b.js": "94e088b271f40ea5e156d58654988eb05cb9af5e",
    "/sys-owner/845.143363d303c92e33a169.js": "001b789826ff2a52f2af3b7188376d41b3929af4",
    "/sys-owner/8588.7e3a02c5aea673e3e53d.js": "eaa52285a0ad06c3040774792521f726af6f6a87",
    "/sys-owner/8592.27214657b9649db1d4b6.js": "9dba115e02a07626c9f7c4179e3a03d219a9d2eb",
    "/sys-owner/8955.685306ba9ccd49a95f03.js": "544a8c4fc7bd94e37ecafdb897e2ff520b3543b4",
    "/sys-owner/9238.f577a15c4e1d585bd442.js": "c7ff4ba410a116750d6d188a5d417f5e772a2ff3",
    "/sys-owner/9561.5652ce145f4ae4e6e240.js": "f884eda30f0fe655ea8e4a523e4552cb6decf7b7",
    "/sys-owner/9605.83305be3c023b2cbc787.js": "5cb3158486c0171fe3f50b83c988aaf1ce90198e",
    "/sys-owner/966.7cd7426df490ef8a8c11.js": "ae137fcbb29d66b164a8d8a921873590f5ebf792",
    "/sys-owner/9690.38f6c3028ff82ff24b45.js": "fb59b113d62dedb4f496a9980a52e601065a1f7b",
    "/sys-owner/9712.d3c72636ea05b5b5852d.js": "739c1e1bb906d6a8228c964fb45bd83b76b46bb6",
    "/sys-owner/9722.3cab64de964a8001bcc9.js": "9bcd014efc5e6195139ff252b1259f3213ad3277",
    "/sys-owner/9804.af05cfc5e19b95ff5a32.js": "4a1bfc3e2320213a4e107a2253527ce6a8381f30",
    "/sys-owner/assets/i18n/ar.json": "bfece411554ddb2d3501b03337422650f74cbbfc",
    "/sys-owner/assets/i18n/en.json": "0d0b15a4511367bbeffcceb9ef90f5ed5025f831",
    "/sys-owner/assets/icon/building.png": "caf2070744207d507ba4cf0d536e6f32c66647f4",
    "/sys-owner/assets/icon/categories.png": "739075016652c61a03d34b0c47ec21fd6e8fc34e",
    "/sys-owner/assets/icon/dollar.png": "e2f039cd2e7524bbf335b73e6d60674d1d1a7f8b",
    "/sys-owner/assets/icon/employee.png": "c50c223bb8793f008cfbe308c6abf2ee389c6f14",
    "/sys-owner/assets/icon/favicon.png": "7798b8e0eb61d7375c245af78bbf5c916932bf13",
    "/sys-owner/assets/icon/globe.png": "75cc2954072585aa6db1e0c57c54e514d2def5d9",
    "/sys-owner/assets/icon/item-service.png": "12d5c9f5fb784533c3825cb3c5c0791816c5899b",
    "/sys-owner/assets/icon/items.png": "28ea4545f76f6c6c3be9b10fcdd60bdb0d1b01ed",
    "/sys-owner/assets/icon/kpi.png": "09a6e960b325434940f7f93f239f21d075dceed7",
    "/sys-owner/assets/icon/services.png": "4879d8b98c1cbd334a57ed888ae1fdd4a4e150d5",
    "/sys-owner/assets/icon/settings.svg": "20f7d77849b6109a5d780ffeaad4f7801dbf72d9",
    "/sys-owner/assets/icon/shapes.svg": "638f87e27e6fc7ddfd6e6b262ea70d690f6c7011",
    "/sys-owner/assets/icon/subscription-mgmt.png": "2b66f13077c5a8468cd5b8afeac52bfe197634ef",
    "/sys-owner/assets/icon/subscription-req.png": "ed93ff539bccdf54d006a20225c44acec2ac946d",
    "/sys-owner/assets/icon/uom.png": "337d6330f88c5f0664274d445292ffa59e2af610",
    "/sys-owner/assets/icon/user-account.png": "bccdf7b29dde865532817e5031c37012630ff185",
    "/sys-owner/assets/icon/user.png": "1b23f259180604403975004c7cd25f69b0d52e0f",
    "/sys-owner/assets/icon/vcl-green.png": "f61d1109438ff5e7a922619df4bd7660255e3e2d",
    "/sys-owner/assets/icon/visa-green.png": "abf79bf291935b64b85729b77807c06132b98ad7",
    "/sys-owner/assets/icons/icon-128x128.png": "dae3b6ed49bdaf4327b92531d4b5b4a5d30c7532",
    "/sys-owner/assets/icons/icon-144x144.png": "b0bd89982e08f9bd2b642928f5391915b74799a7",
    "/sys-owner/assets/icons/icon-152x152.png": "7479a9477815dfd9668d60f8b3b2fba709b91310",
    "/sys-owner/assets/icons/icon-192x192.png": "1abd80d431a237a853ce38147d8c63752f10933b",
    "/sys-owner/assets/icons/icon-384x384.png": "329749cd6393768d3131ed6304c136b1ca05f2fd",
    "/sys-owner/assets/icons/icon-512x512.png": "559d9c4318b45a1f2b10596bbb4c960fe521dbcc",
    "/sys-owner/assets/icons/icon-72x72.png": "c457e56089a36952cd67156f9996bc4ce54a5ed9",
    "/sys-owner/assets/icons/icon-96x96.png": "3914125a4b445bf111c5627875fc190f560daa41",
    "/sys-owner/index.html": "c394fdb53126d0ece8dd0edcc4467cea7229f07f",
    "/sys-owner/main.08bb9e0e36f83696d49a.js": "8d9710e9a4c99f41a061442bf4909f293384dca5",
    "/sys-owner/manifest.webmanifest": "9a088b7c4339228d1082e666ce105dc889bc180c",
    "/sys-owner/polyfills.849f6dd0be6e0842a05a.js": "c593f594b3555d1c375f3949e684a05e676a29aa",
    "/sys-owner/runtime.b932f2bc4b01a8eda71b.js": "4705a0a3459a7883fc5f657c174b3e6a7524c6d8",
    "/sys-owner/scripts.dd3920852df0ab4a6b79.js": "3a4d68aa0f223918092f4b216123af3563974711",
    "/sys-owner/sort_asc.4bba59196d7ce2619696.png": "4ed7eba22e4258db81fd79761ed5fc6d00c7dab7",
    "/sys-owner/sort_asc_disabled.07c018ae0160704a3290.png": "960aafb94a313744af3b6b5cfaced54024a429bf",
    "/sys-owner/sort_both.8b117faa9d4dd934d6bb.png": "96e499eff491eac39508e1696686712df94108aa",
    "/sys-owner/sort_desc.c4196d3286cc33244c83.png": "5d17b4a1cd4c5d92df1adc190a9292674e2a3ab0",
    "/sys-owner/sort_desc_disabled.27ac5d1bc294b1fae056.png": "ae170a833b6f5d6344570061c60291b5b45e6004",
    "/sys-owner/styles.252543be608f7e1eb699.css": "7704e4f3204ff5be1bf4784147a80526c0063a2a"
  },
  "navigationUrls": [
    {
      "positive": true,
      "regex": "^\\/.*$"
    },
    {
      "positive": false,
      "regex": "^\\/(?:.+\\/)?[^/]*\\.[^/]*$"
    },
    {
      "positive": false,
      "regex": "^\\/(?:.+\\/)?[^/]*__[^/]*$"
    },
    {
      "positive": false,
      "regex": "^\\/(?:.+\\/)?[^/]*__[^/]*\\/.*$"
    }
  ],
  "navigationRequestStrategy": "performance"
}